change_proposal_id, Description , Criticality , Development Cost in USD, Production Cost in USD per unit, Status , Urgency , Risk 
 CP001 , Increase energy density requirement for battery cells and modules to meet or exceed Chinese standards , High ,500000,$2.50 , Under Review , High ," Risk of non-compliance with Chinese regulations, potential market access issues, and customer dissatisfaction. "
 CP002 , Enhance water ingress protection level of battery pack housing to IP68 or higher , Medium ,250000,1, Approved , Medium , Risk of water damage and potential safety hazards in extreme environmental conditions. 
 CP003 , Comply with Chinese national standards for high-voltage wiring and connectors , High ,300000,0.5, In Progress , High ," Risk of non-compliance with Chinese regulations, potential safety issues, and legal liabilities. "
 CP004 , Implement additional safety monitoring features or redundancies for high-voltage battery systems , High ,400000,1.2, Rejected , Low ," Risk of potential safety hazards and regulatory non-compliance, but mitigated by existing safety measures. "
 CP005 , Ensure compatibility with Chinese charging standards and protocols (GB/T standards) , High ,350000,0.8, Completed , High ," Risk of incompatibility with Chinese charging infrastructure, customer dissatisfaction, and potential market access issues. "
 CP006 , Incorporate additional safety systems or components required by Chinese regulations , Medium ,200000,1.5, Proposed , Medium ," Risk of non-compliance with Chinese regulations, potential safety concerns, and legal liabilities. "
 CP007 , Comply with Chinese national standards for electromagnetic compatibility (EMC) in electric vehicles , High ,300000,0.7, Approved , High ," Risk of non-compliance with Chinese regulations, potential electromagnetic interference issues, and legal liabilities. "
 CP008 , Ensure markings and labels comply with Chinese regulations for high-voltage components , Low ,100000,0.1, In Progress , Low ," Risk of non-compliance with Chinese regulations, potential customer confusion, and minor legal liabilities. "
 CP009 , Implement additional EMC measures or testing procedures to meet Chinese national standards , Medium ,250000,0.4, Rejected , Medium ," Risk of potential electromagnetic interference issues, but mitigated by existing EMC measures. "
 CP010 , Enhance fire and explosion protection systems to comply with Chinese regulations , High ,400000,2, Under Review , High ," Risk of non-compliance with Chinese regulations, potential safety hazards, legal liabilities, and customer dissatisfaction. "
 CP011 , Implement processes and documentation for certification and homologation in the Chinese market , High ,300000,0, Proposed , High , Risk of inability to sell or distribute the product in the Chinese market due to lack of required certifications and approvals. 